{
  "best_baseline_wape": 1.255653655743978,
  "feature_version": "sprint-03-v1-top100-a60-h56",
  "metrics": {
    "lightgbm": {
      "mae": 5.521419681033633,
      "rmse": 34.01587157422613,
      "smape": 1.3450030333052467,
      "wape": 0.9309177095573824
    },
    "moving_average_28": {
      "mae": 7.447479767769177,
      "rmse": 33.83674696451322,
      "smape": 1.0793794315614846,
      "wape": 1.255653655743978
    },
    "naive_last_value": {
      "mae": 8.692118226600986,
      "rmse": 46.25430987774015,
      "smape": 0.7251708082036887,
      "wape": 1.4655011316210211
    },
    "seasonal_naive_lag_7": {
      "mae": 9.181945812807882,
      "rmse": 51.633584699936506,
      "smape": 0.7276420967391211,
      "wape": 1.548086626108262
    }
  },
  "metrics_by_horizon": {
    "29": {
      "mae": 14.240854218006787,
      "rmse": 101.53206603496122,
      "smape": 1.1503561932794601,
      "wape": 0.9727359438529226
    },
    "30": {
      "mae": 7.163770744763748,
      "rmse": 71.80095780369722,
      "smape": 1.1292481260927254,
      "wape": 0.978657205568818
    },
    "31": {
      "mae": 6.068240605824876,
      "rmse": 59.12912855813032,
      "smape": 1.182231058078829,
      "wape": 0.9536260773952137
    },
    "32": {
      "mae": 6.230607921875553,
      "rmse": 53.705357605785515,
      "smape": 1.1920333426751677,
      "wape": 0.9611427569418516
    },
    "33": {
      "mae": 6.0481901379866665,
      "rmse": 48.48951874230362,
      "smape": 1.212154786937312,
      "wape": 0.9680201885381989
    },
    "34": {
      "mae": 5.549385139754802,
      "rmse": 44.418433390418414,
      "smape": 1.2305434841392253,
      "wape": 0.9461867245958743
    },
    "35": {
      "mae": 6.112937701313992,
      "rmse": 42.31783762667717,
      "smape": 1.2584478074625969,
      "wape": 0.9363361905732592
    },
    "36": {
      "mae": 5.819733813478475,
      "rmse": 39.74076897918757,
      "smape": 1.2755635481405247,
      "wape": 0.9283722932767259
    },
    "37": {
      "mae": 5.174511430543022,
      "rmse": 37.485780594571374,
      "smape": 1.2779614940682504,
      "wape": 0.9286261789608614
    },
    "38": {
      "mae": 5.678016587478091,
      "rmse": 36.999326177708355,
      "smape": 1.3065620467050985,
      "wape": 0.9279321110439762
    },
    "39": {
      "mae": 5.711712951813677,
      "rmse": 35.753105587017494,
      "smape": 1.3163233792868798,
      "wape": 0.9232746872880301
    },
    "40": {
      "mae": 5.896081027975824,
      "rmse": 34.55445046325057,
      "smape": 1.32821367042908,
      "wape": 0.9185119088109812
    },
    "41": {
      "mae": 5.7974371771488435,
      "rmse": 33.31454771244519,
      "smape": 1.3359114733026818,
      "wape": 0.915310703217573
    },
    "42": {
      "mae": 5.5811782677310555,
      "rmse": 32.15482673456918,
      "smape": 1.332324735552576,
      "wape": 0.9165571348766542
    },
    "43": {
      "mae": 5.7128388405737835,
      "rmse": 32.08677590295222,
      "smape": 1.3389008477907063,
      "wape": 0.918659762099129
    },
    "44": {
      "mae": 5.346383074842581,
      "rmse": 31.0179597713206,
      "smape": 1.3349028182495892,
      "wape": 0.91704683959564
    },
    "45": {
      "mae": 5.2748867687845875,
      "rmse": 30.59251854278327,
      "smape": 1.3459167651589612,
      "wape": 0.9161531985016141
    },
    "46": {
      "mae": 5.130626160505982,
      "rmse": 29.788411884426814,
      "smape": 1.352076844426262,
      "wape": 0.9190095620370949
    },
    "47": {
      "mae": 5.04215297317258,
      "rmse": 29.107954071032104,
      "smape": 1.3561619953585777,
      "wape": 0.9175453164474573
    },
    "48": {
      "mae": 5.8728667220025494,
      "rmse": 34.049552151091184,
      "smape": 1.351063785306629,
      "wape": 0.9232615503855603
    },
    "49": {
      "mae": 5.739068779108756,
      "rmse": 33.23281224173422,
      "smape": 1.3512492400628036,
      "wape": 0.9254430189763025
    },
    "50": {
      "mae": 5.694093441986869,
      "rmse": 32.66580526736617,
      "smape": 1.3518741217500094,
      "wape": 0.9253217293818224
    },
    "51": {
      "mae": 5.44917782964517,
      "rmse": 31.941557911878128,
      "smape": 1.3588203622510269,
      "wape": 0.925772566714721
    },
    "52": {
      "mae": 5.288598455641048,
      "rmse": 31.300418373937458,
      "smape": 1.376085657681518,
      "wape": 0.9375562338261572
    },
    "53": {
      "mae": 5.1370039389809214,
      "rmse": 30.667239690486344,
      "smape": 1.3913641710196873,
      "wape": 0.9486268169192129
    },
    "54": {
      "mae": 5.111084999815803,
      "rmse": 30.11157236886216,
      "smape": 1.388088488663314,
      "wape": 0.9435402584153003
    },
    "55": {
      "mae": 5.506832790342534,
      "rmse": 30.99576520763428,
      "smape": 1.3911651880583384,
      "wape": 0.946673152548379
    },
    "56": {
      "mae": 5.432726326039028,
      "rmse": 30.50579649659133,
      "smape": 1.3787339480202048,
      "wape": 0.943357129482746
    }
  },
  "metrics_by_sku_group": {
    "fast_moving": {
      "mae": 8.143032178314115,
      "rmse": 46.63158744366744,
      "smape": 1.2858842254000924,
      "wape": 0.9187307738724617
    },
    "slow_moving": {
      "mae": 2.899807183753151,
      "rmse": 11.817533177109695,
      "smape": 1.404121841210401,
      "wape": 0.9669358207294628
    }
  },
  "mlflow_run_id": "736a9174e1a44195aecbde9dd28b70c4",
  "model_reloaded_and_predicted": true,
  "model_uri": "runs:/736a9174e1a44195aecbde9dd28b70c4/model",
  "passed_registration_rule": true,
  "promotion_rule": "lightgbm_wape <= best_baseline_wape * 1.05",
  "random_seed": 2026,
  "registered_model_name": "sku-demand-lightgbm",
  "registered_model_version": "1",
  "training_rows": 295400,
  "training_target_date_range": [
    "2025-05-14",
    "2025-08-08"
  ],
  "validation_rows": 40600,
  "validation_start_date": "2025-08-09",
  "validation_target_date_range": [
    "2025-08-09",
    "2025-09-05"
  ]
}